,"Giuseppe,""Rohaley"",""Pacific Coast Packaging"",""62 Margaret St"",""Royal Hospital Ward"",""Greater London"",""SW3 4ND"",""01345-400452"",""01866-845669"",""giuseppe@yahoo.com"",""http://www.pacificcoastpackaging.co.uk"""
0,"Kiera,""Bassil"",""Storm Eye Institute"",""5152 Sophia St"",""Woodstock Ward"",""South Gloucestershire"",""BS15 8DS"",""01655-519837"",""01783-446052"",""kbassil@bassil.co.uk"",""http://www.stormeyeinstitute.co.uk"""
1,"Wendell,""Rubano"",""Automation Engrg & Mfg Inc"",""1 Back Canning St"",""Dunblane and Bridge of Allan W"",""Stirling"",""FK9 4LD"",""01837-530939"",""01752-386691"",""wendell_rubano@hotmail.com"",""http://www.automationengrgmfginc.co.uk"""
2,"Stevie,""Stifflemire"",""Packaging Corp Of America"",""9 Gradwell St"",""Kempshott Ward"",""Hampshire"",""RG22 5HA"",""01262-808399"",""01411-169215"",""stevie_stifflemire@stifflemire.co.uk"",""http://www.packagingcorpofamerica.co.uk"""
3,"Yun,""Paletta"",""Goe, Douglas E Esq"",""9205 Upper Hill St"",""City and Hunslet Ward"",""West Yorkshire"",""LS1 5QE"",""01350-332706"",""01374-255198"",""yun_paletta@paletta.co.uk"",""http://www.goedouglaseesq.co.uk"""
4,"Brittani,""Thurm"",""Burgess Steel Products Corp"",""9 Horatio St"",""Ruckinge"",""Kent"",""TN26 2PN"",""01686-306597"",""01970-890023"",""bthurm@yahoo.com"",""http://www.burgesssteelproductscorp.co.uk"""
5,"Billy,""Venus"",""Tipton & Hurst"",""61 Miriam St"",""Abbey Road Ward"",""Greater London"",""NW8 9BD"",""01537-356648"",""01703-435212"",""billy.venus@yahoo.com"",""http://www.tiptonhurst.co.uk"""
6,"Brynn,""Elkan"",""A O Hardee & Son Inc"",""67 Pulford St"",""Prittlewell Ward"",""Essex"",""SS2 6NL"",""01388-416867"",""01345-625433"",""brynn@yahoo.com"",""http://www.aohardeesoninc.co.uk"""
7,"Elroy,""Piehler"",""Jonson, Geo D Esq"",""821 Pembroke Place"",""Kirkby Stephen"",""Cumbria"",""CA17 4RZ"",""01589-654152"",""01586-387018"",""epiehler@piehler.co.uk"",""http://www.jonsongeodesq.co.uk"""
8,"Anisha,""Shulick"",""Dale Yoder Clu Life Hlth & Bus"",""3 Alder St"",""Eaton Park Ward"",""Stoke-on-Trent"",""ST2 9AW"",""01780-704167"",""01268-233798"",""ashulick@yahoo.com"",""http://www.daleyoderclulifehlthbus.co.uk"""
9,"Bettina,""Kham"",""Council Of Cmnty Blood Ctrs"",""80 Morecambe St"",""Bishop Auckland"",""County Durham"",""DL14 6NG"",""01355-192668"",""01340-622388"",""bettina.kham@kham.co.uk"",""http://www.councilofcmntybloodctrs.co.uk"""
10,"Velda,""Mancilla"",""Tremont, Michael A Esq"",""7866 Renshaw St #283"",""Falmouth"",""Cornwall"",""TR11 4QQ"",""01823-526645"",""01368-456268"",""velda_mancilla@mancilla.co.uk"",""http://www.tremontmichaelaesq.co.uk"""
11,"Marta,""Brace"",""Trautman, Eileen Esq"",""658 Lake St"",""Malmesbury"",""Wiltshire"",""SN16 0XZ"",""01777-469402"",""01631-454193"",""marta.brace@brace.co.uk"",""http://www.trautmaneileenesq.co.uk"""
12,"Juan,""Vanwyhe"",""Office Service Co"",""5382 Redfern St"",""West End Ward"",""Greater London"",""W1J 0QH"",""01961-642757"",""01728-150282"",""juan_vanwyhe@gmail.com"",""http://www.officeserviceco.co.uk"""
13,"Lelia,""Filion"",""Alphabetland Pre School Center"",""45 Bidder St #38"",""Town Ward"",""Greater London"",""EN1 3HT"",""01367-136951"",""01322-715065"",""lelia.filion@filion.co.uk"",""http://www.alphabetlandpreschoolcenter.co.uk"""
14,"Una,""Frankel"",""Shamrock Food Service"",""6766 Britton St #379"",""Crompton Ward"",""Greater Manchester"",""BL1 3EX"",""01912-749219"",""01308-356704"",""ufrankel@hotmail.com"",""http://www.shamrockfoodservice.co.uk"""
15,"Eva,""Joulwan"",""Central Hrdwr & Elec Corp"",""7 Lear Rd"",""Stroud"",""Hampshire"",""GU32 3PQ"",""01779-720349"",""01961-802899"",""eva.joulwan@gmail.com"",""http://www.centralhrdwreleccorp.co.uk"""
16,"Mammie,""Dormanen"",""Matt Parrott & Sons Co"",""2577 Toxteth St #5"",""Overton Ward"",""Lancashire"",""BB6 7UN"",""01527-579687"",""01439-184366"",""mammie_dormanen@hotmail.com"",""http://www.mattparrottsonsco.co.uk"""
17,"Jeannetta,""Coolidge"",""Tiny Tots Originals Div"",""761 Cockerell St #1"",""Midway Ward"",""Derbyshire"",""DE11 0HE"",""01927-790069"",""01440-276155"",""jeannetta_coolidge@gmail.com"",""http://www.tinytotsoriginalsdiv.co.uk"""
18,"Elbert,""Drawe"",""Lovitch, Alan F"",""9 Cypress St"",""Washington East Ward"",""Tyne and Wear"",""NE38 9AQ"",""01753-784273"",""01496-526674"",""edrawe@drawe.co.uk"",""http://www.lovitchalanf.co.uk"""
19,"Lenny,""Gazzola"",""Wise Industries"",""6 Romilly St"",""Walkergate Ward"",""Tyne and Wear"",""NE6 4YH"",""01312-233253"",""01342-706893"",""lenny.gazzola@yahoo.com"",""http://www.wiseindustries.co.uk"""
20,"Mira,""Alpheaus"",""East County Process"",""51 St Anne St #12"",""Stratfield Mortimer"",""Berkshire"",""RG7 3RA"",""01241-273991"",""01381-836777"",""mira.alpheaus@yahoo.com"",""http://www.eastcountyprocess.co.uk"""
21,"Cathern,""Ungar"",""Agopgee Enterprises Inc"",""823 Idris St"",""Selston"",""Nottinghamshire"",""NG16 5LG"",""01898-134749"",""01266-671305"",""cathern.ungar@ungar.co.uk"",""http://www.agopgeeenterprisesinc.co.uk"""
22,"Malcom,""Fleckles"",""L Winik & Associates Inc"",""8764 Nickleby St #877"",""Govan Ward"",""Glasgow City"",""G51 1BQ"",""01478-110943"",""01937-120539"",""malcom.fleckles@gmail.com"",""http://www.lwinikassociatesinc.co.uk"""
23,"Monroe,""Damato"",""Rosati, Marc D Esq"",""5344 Bengel St #5"",""Millwall Ward"",""Greater London"",""E14 5DR"",""01402-733903"",""01440-164945"",""mdamato@damato.co.uk"",""http://www.rosatimarcdesq.co.uk"""
24,"Pansy,""Kopan"",""Oncor Inc"",""1 Northampton St"",""Madeley"",""Shropshire"",""TF7 4GA"",""01674-842315"",""01627-571972"",""pansy@kopan.co.uk"",""http://www.oncorinc.co.uk"""
25,"Royce,""Saik"",""Best Western Caprock Inn"",""2 Maple Grove"",""Kincorth"",""Aberdeenshire"",""AB12 5EJ"",""01972-770618"",""01431-812225"",""royce@hotmail.com"",""http://www.bestwesterncaprockinn.co.uk"""
26,"Cherelle,""Sorrel"",""Wiltgen, Nancy A Esq"",""794 Hook St"",""Benwell and Scotswood Ward"",""Tyne and Wear"",""NE15 7JA"",""01753-327307"",""01212-458253"",""cherelle_sorrel@gmail.com"",""http://www.wiltgennancyaesq.co.uk"""
27,"Dudley,""Dibartolo"",""Mcknight, H Vincent Jr"",""91 Ludlow St"",""Woodhouse Ward"",""Greater London"",""N12 0EF"",""01997-409950"",""01722-935404"",""dudley_dibartolo@yahoo.com"",""http://www.mcknighthvincentjr.co.uk"""
28,"Nettie,""Aldaco"",""Miller Searl & Fitch"",""51 Freehold St #224"",""Wheatley Ward"",""Yorkshire, South"",""DN2 4PP"",""01388-974910"",""01681-983353"",""nettie.aldaco@yahoo.com"",""http://www.millersearlfitch.co.uk"""
29,"Carline,""Bulcao"",""Brenner, Steven G Esq"",""7 Hey Green Rd #4"",""Rothwell Ward"",""West Yorkshire"",""LS26 8XE"",""01885-707109"",""01381-330004"",""carline@yahoo.com"",""http://www.brennerstevengesq.co.uk"""
30,"Shanda,""Lunger"",""Western Packing Co"",""2476 Marsh St"",""Markhouse Ward"",""Greater London"",""E17 8NP"",""01329-303595"",""01620-180931"",""slunger@gmail.com"",""http://www.westernpackingco.co.uk"""
31,"Emilio,""Withers"",""Ardent Studios Inc"",""597 Threlfall St #72"",""Stokenham"",""Devon"",""TQ7 2HS"",""01523-697097"",""01890-447894"",""emilio_withers@yahoo.com"",""http://www.ardentstudiosinc.co.uk"""
32,"Lovetta,""Study"",""Borton Petrini & Conron"",""1 Jervis St"",""High Barnet Ward"",""Greater London"",""EN5 4LH"",""01593-438141"",""01424-249976"",""lovetta@study.co.uk"",""http://www.bortonpetriniconron.co.uk"""
33,"Felice,""Gone"",""A F Supl Co Div Automtc Firing"",""7602 Grantham St"",""Hexham"",""Northumberland"",""NE46 1QQ"",""01691-816025"",""01888-857515"",""felice.gone@hotmail.com"",""http://www.afsuplcodivautomtcfiring.co.uk"""
34,"Stefania,""Leadbeater"",""Murray Whisnant Architects"",""10 Carisbrooke St"",""Shorne"",""Kent"",""DA12 3ED"",""01706-546951"",""01356-906646"",""stefania_leadbeater@hotmail.com"",""http://www.murraywhisnantarchitects.co.uk"""
35,"Margarita,""Orloski"",""1893 Shops"",""78 Pine Grove"",""Stannington Ward"",""South Yorkshire"",""S6 5HE"",""01215-422453"",""01958-497953"",""margarita_orloski@yahoo.com"",""http://www.shops.co.uk"""
36,"Paul,""Farrin"",""Dering, James E Esq"",""7 Varthen St"",""Town Ward"",""Kent"",""DA1 2DL"",""01407-775572"",""01879-963638"",""paul.farrin@farrin.co.uk"",""http://www.deringjameseesq.co.uk"""
37,"Anglea,""Tritten"",""Waltons Carson Gardens"",""8 Thomaston St"",""Astley Bridge Ward"",""Greater Manchester"",""BL1 8RG"",""01818-292728"",""01436-350784"",""anglea_tritten@hotmail.com"",""http://www.waltonscarsongardens.co.uk"""
38,"Ona,""Bowhall"",""Cohen And Fromm Pc"",""527 Harding St"",""Market Rasen"",""Lincolnshire"",""LN8 3AD"",""01467-554624"",""01984-207421"",""ona@yahoo.com"",""http://www.cohenandfrommpc.co.uk"""
39,"Germaine,""Hascall"",""Prg Company"",""1616 Menzies St #453"",""Tadworth and Walton Ward"",""Surrey"",""KT20 7PA"",""01366-388506"",""01957-962781"",""ghascall@hotmail.com"",""http://www.prgcompany.co.uk"""
40,"Vicky,""Schellenberge"",""Medlab Environmental Test Inc"",""3922 Leda St"",""Moreton Morrell"",""Warwickshire"",""CV35 9BX"",""01625-805645"",""01602-772009"",""vschellenberge@hotmail.com"",""http://www.medlabenvironmentaltestinc.co.uk"""
41,"Carolann,""Gross"",""Leem Company Inc"",""6352 Grosvenor St"",""Wombourne"",""Staffordshire"",""WV5 0LP"",""01470-609953"",""01672-859754"",""carolann@gross.co.uk"",""http://www.leemcompanyinc.co.uk"""
42,"Rusty,""Adelsperger"",""Clarke, James H Esq"",""4313 Princes Park Terrace"",""Launceston"",""Cornwall"",""PL15 9QN"",""01467-172590"",""01338-121225"",""rusty.adelsperger@yahoo.com"",""http://www.clarkejameshesq.co.uk"""
43,"Cassandra,""Bludworth"",""Lykes Bros Inc"",""9 Sydney Place"",""Henllan Community"",""Conwy"",""LL16 5AF"",""01903-614855"",""01583-648675"",""cbludworth@yahoo.com"",""http://www.lykesbrosinc.co.uk"""
44,"Teresita,""Gesell"",""Mason Insurance Agency Inc"",""2015 Suburban Rd"",""Springfield Ward"",""Greater London"",""N16 6TD"",""01914-501391"",""01372-236506"",""teresita_gesell@hotmail.com"",""http://www.masoninsuranceagencyinc.co.uk"""
45,"Evangelina,""Gius"",""J T Painting Corp"",""769 Euston St"",""Glastonbury"",""Somerset"",""BA6 8EY"",""01563-997671"",""01377-310696"",""evangelina.gius@yahoo.com"",""http://www.jtpaintingcorp.co.uk"""
46,"Marlon,""Tromblay"",""Solomon Metals Inc"",""46 Stevenson St"",""West End Ward"",""Dundee City"",""DD1 5EF"",""01919-394681"",""01869-607955"",""mtromblay@yahoo.com"",""http://www.solomonmetalsinc.co.uk"""
47,"Quiana,""Scarsella"",""Looking Good"",""1400 Ash St"",""Thorpe Hamlet Ward"",""Norfolk"",""NR1 4HS"",""01446-936944"",""01492-687388"",""quiana_scarsella@hotmail.com"",""http://www.lookinggood.co.uk"""
48,"Viki,""Humeniuk"",""Guldstrand Engineering Inc"",""8822 Trafalgar St"",""Yalding"",""Kent"",""ME18 6JE"",""01721-747819"",""01381-985978"",""vhumeniuk@gmail.com"",""http://www.guldstrandengineeringinc.co.uk"""
49,"Domitila,""Weissmann"",""Ciocia, James A Esq"",""28 Berwick St"",""Moordown Ward"",""Bournemouth"",""BH9 1TT"",""01606-833878"",""01928-189722"",""domitila@gmail.com"",""http://www.ciociajamesaesq.co.uk"""
50,"Ivan,""Aronov"",""Center For Pediatrics"",""94 Regent St"",""Over Kellet"",""Lancashire"",""LA6 1DB"",""01478-392232"",""01410-877250"",""ivan@gmail.com"",""http://www.centerforpediatrics.co.uk"""
51,"Anabel,""Baldock"",""William A Geppert True Value"",""30 Marine Parade #1"",""Staina Ward"",""Lancashire"",""FY5 4FN"",""01994-675650"",""01845-742562"",""anabel_baldock@hotmail.com"",""http://www.williamagepperttruevalue.co.uk"""
52,"Carlton,""Blyler"",""Hardware Specialty Co Inc"",""8 Pim Hill St"",""Portobello"",""City of Edinburgh"",""EH15 2HW"",""01437-681317"",""01604-200932"",""carlton@blyler.co.uk"",""http://www.hardwarespecialtycoinc.co.uk"""
53,"Rashida,""Vera"",""Creative Consultants"",""8451 Bengel St"",""Brixham"",""Devon"",""TQ5 9JW"",""01286-317691"",""01913-489634"",""rashida@hotmail.com"",""http://www.creativeconsultants.co.uk"""
54,"Sherron,""Knodel"",""Fhk Corp"",""159 Carlton St"",""Windle Ward"",""Merseyside"",""WA10 6QG"",""01481-744296"",""01222-556548"",""sherron@knodel.co.uk"",""http://www.fhkcorp.co.uk"""
55,"Cora,""Mossing"",""Regis Brd Pro Engrs & Land"",""38 Raffles St"",""Newmarket"",""Cambridgeshire"",""CB8 8QE"",""01285-381062"",""01699-194090"",""cora@yahoo.com"",""http://www.regisbrdproengrsland.co.uk"""
56,"Altha,""Tischner"",""Male Power Ltd"",""650 Goring St"",""Rainham South Ward"",""Kent"",""ME8 9PN"",""01373-594236"",""01698-785700"",""altha@hotmail.com"",""http://www.malepowerltd.co.uk"""
57,"Dortha,""Yaccarino"",""Atc Power Systems"",""6 Chestnut St"",""Gwersyllt Community"",""Wrexham"",""LL11 4RJ"",""01528-240870"",""01254-458143"",""dortha@hotmail.com"",""http://www.atcpowersystems.co.uk"""
58,"Diego,""Augle"",""Farmers Electric Co Op Inc"",""4 Peover St"",""Walcot Ward"",""Bath Avon"",""BA1 6EF"",""01275-397587"",""01933-666689"",""diego.augle@gmail.com"",""http://www.farmerselectriccoopinc.co.uk"""
59,"Peggy,""Khov"",""Goldberg, Stephen M Esq"",""328 Pallas St"",""Longford Ward"",""Greater Manchester"",""M32 8LJ"",""01619-237602"",""01648-417310"",""peggy.khov@gmail.com"",""http://www.goldbergstephenmesq.co.uk"""
60,"Walton,""Yuki"",""Best Wstrn Host Mtr Htl Palm"",""9 Waltham Rd"",""Yealmpton"",""Devon"",""PL8 2NS"",""01872-808403"",""01885-290666"",""wyuki@gmail.com"",""http://www.bestwstrnhostmtrhtlpalm.co.uk"""
61,"Vallie,""Yafaie"",""Micro Lan"",""352 Strathmore Rd"",""Shiphay-with-the-Willows Ward"",""Devon"",""TQ2 7JB"",""01251-120872"",""01630-603260"",""vyafaie@hotmail.com"",""http://www.microlan.co.uk"""
62,"Tony,""Diazdeleon"",""Dilling Harris Inc"",""529 Llanrwst St"",""Southam"",""Gloucestershire"",""GL52 8TW"",""01765-102036"",""01877-593275"",""tony@gmail.com"",""http://www.dillingharrisinc.co.uk"""
63,"Val,""Villot"",""Horizon Air Magazine"",""1980 Tynemouth St"",""Almond Ward"",""West Lothian"",""EH52 5PY"",""01375-870188"",""01602-987840"",""val@yahoo.com"",""http://www.horizonairmagazine.co.uk"""
64,"Mel,""Picciuto"",""Avante Limited"",""8598 Rumney Rd"",""Hylands Ward"",""Essex"",""RM11 1QL"",""01885-270480"",""01268-443299"",""mel.picciuto@gmail.com"",""http://www.avantelimited.co.uk"""
65,"Isabella,""Piatkowski"",""Miller, William E Iii"",""9283 Ruth St #81"",""Dormers Wells Ward"",""Greater London"",""UB1 2FH"",""01979-186995"",""01998-980054"",""isabella_piatkowski@piatkowski.co.uk"",""http://www.millerwilliameiii.co.uk"""
66,"Erasmo,""Rhea"",""Martin Morrissey"",""5544 Sutherland St"",""Mortehoe"",""Devon"",""EX34 7DQ"",""01507-386397"",""01899-316385"",""erasmo_rhea@hotmail.com"",""http://www.martinmorrissey.co.uk"""
67,"Ivory,""Lohrenz"",""Auto Body Color"",""9 Jackson St"",""Parr Ward"",""Merseyside"",""WA9 3QW"",""01876-642683"",""01651-132519"",""ivory@hotmail.com"",""http://www.autobodycolor.co.uk"""
68,"Nikita,""Walka"",""Fred, Anthony Esq"",""3612 Bixteth St"",""Hucknall North Ward"",""Nottinghamshire"",""NG15 8DD"",""01282-123434"",""01724-455145"",""nwalka@hotmail.com"",""http://www.fredanthonyesq.co.uk"""
69,"Aleta,""Ligons"",""Advantage Bookkeeping"",""4545 Victoria Rd"",""Kilbirnie and Beith Ward"",""North Ayrshire"",""KA15 1AT"",""01952-535977"",""01715-637895"",""aleta_ligons@hotmail.com"",""http://www.advantagebookkeeping.co.uk"""
70,"Owen,""Jentzen"",""Capital Fasteners Inc"",""5 Hampden St"",""Liscard Ward"",""Merseyside"",""CH45 4RN"",""01467-142439"",""01917-137038"",""owen_jentzen@jentzen.co.uk"",""http://www.capitalfastenersinc.co.uk"""
71,"Pauline,""Fling"",""Cumberland Vacuum Products"",""6452 Pilgrim St #5"",""Seven Sisters Ward"",""Greater London"",""N15 6TH"",""01990-476494"",""01458-113457"",""pfling@fling.co.uk"",""http://www.cumberlandvacuumproducts.co.uk"""
72,"Tijuana,""Machalek"",""Schwartz, Thomas E Esq"",""1149 Highfield Rd #996"",""Fareham South Ward"",""Hampshire"",""PO14 9JJ"",""01242-532395"",""01336-686264"",""tijuana.machalek@gmail.com"",""http://www.schwartzthomaseesq.co.uk"""
73,"Ahmad,""Alsaqri"",""Alliance Construction Co Inc"",""21 Pickwick St"",""Sutton cum Duckmanton"",""Derbyshire"",""S44 5DS"",""01567-555570"",""01852-550588"",""ahmad.alsaqri@yahoo.com"",""http://www.allianceconstructioncoinc.co.uk"""
74,"Jamika,""Conoly"",""Keller, Raymond C"",""19 Soho St"",""Whitley Ward"",""Berkshire"",""RG1 9XH"",""01726-595316"",""01597-168997"",""jamika_conoly@conoly.co.uk"",""http://www.kellerraymondc.co.uk"""
75,"Derrick,""Dolloff"",""Proto Tek Manufacturing"",""236 Blantyre Rd"",""Everton Ward"",""Merseyside"",""L6 2EN"",""01982-734773"",""01619-554437"",""derrick_dolloff@gmail.com"",""http://www.prototekmanufacturing.co.uk"""
76,"Jacquelyne,""Reibman"",""Great Clips For Hair"",""70 Lilly Rd"",""Shirley Ward"",""Greater London"",""CR0 7PT"",""01846-581451"",""01850-754504"",""jacquelyne_reibman@yahoo.com"",""http://www.greatclipsforhair.co.uk"""
77,"Zachary,""Freeburger"",""Country Kitchen"",""58 Gloucester Rd"",""Holbrook"",""Derbyshire"",""DE56 0TX"",""01888-641397"",""01240-433924"",""zachary.freeburger@freeburger.co.uk"",""http://www.countrykitchen.co.uk"""
78,"Sophia,""Gaucher"",""T C E Systems Inc"",""88 Upper Harrington St"",""North East Ward"",""North Lanarkshire"",""G69 8EL"",""01504-539114"",""01254-919378"",""sophia.gaucher@hotmail.com"",""http://www.tcesystemsinc.co.uk"""
79,"Isabelle,""Kono"",""Rock Springs Petroleum Equip"",""4920 Fazakerley Rd"",""Plymstock Dunstone Ward"",""Devon"",""PL9 8RD"",""01552-682601"",""01953-816728"",""isabelle.kono@yahoo.com"",""http://www.rockspringspetroleumequip.co.uk"""
80,"Ronnie,""Brigman"",""Howard Johnson"",""6 Morley St"",""Batchwood Ward"",""Hertfordshire"",""AL3 5JN"",""01943-754681"",""01972-686199"",""ronnie@brigman.co.uk"",""http://www.howardjohnson.co.uk"""
81,"Krystina,""Schlabaugh"",""Harris Oldsmobile Inc"",""7316 Friar St"",""Salvington Ward"",""West Sussex"",""BN13 3FL"",""01441-846477"",""01332-799979"",""kschlabaugh@schlabaugh.co.uk"",""http://www.harrisoldsmobileinc.co.uk"""
82,"Rosita,""Ausdemore"",""Jurdem, Scott Esq"",""8 Heathfield St #657"",""Hailsham"",""East Sussex"",""BN27 1AJ"",""01273-236188"",""01997-765432"",""rausdemore@hotmail.com"",""http://www.jurdemscottesq.co.uk"""
83,"Huey,""Stancil"",""Lindner Funds"",""275 Peel Sq"",""Park Ward"",""North Eart Lincolnshire"",""DN32 0PT"",""01502-139578"",""01468-195646"",""hstancil@hotmail.com"",""http://www.lindnerfunds.co.uk"""
84,"Elbert,""Fiorino"",""Donald, G Nelson Esq"",""726 Westmoreland Place"",""Ballochmyle Ward"",""East Ayrshire"",""KA5 6EL"",""01724-467889"",""01992-537553"",""elbert@hotmail.com"",""http://www.donaldgnelsonesq.co.uk"""
85,"Pura,""Manciel"",""Cia Inspection"",""7 Water St"",""Priory Heath Ward"",""Suffolk"",""IP3 9RB"",""01853-412588"",""01386-437186"",""pura.manciel@yahoo.com"",""http://www.ciainspection.co.uk"""
86,"Alesia,""Katie"",""Nelsons Trmt & Pest Cntrl Co"",""4 Covent Garden"",""Farnworth Ward"",""Greater Manchester"",""BL4 7AF"",""01333-436799"",""01240-614527"",""alesia_katie@gmail.com"",""http://www.nelsonstrmtpestcntrlco.co.uk"""
87,"Avery,""Veit"",""Plaza Gourmet Delicatessen"",""9166 Devon St #905"",""Knightsbridge and Belgravia Wa"",""Greater London"",""SW1W 8JY"",""01748-625058"",""01369-185737"",""avery@veit.co.uk"",""http://www.plazagourmetdelicatessen.co.uk"""
88,"Reid,""Euresti"",""Fitzgerald, Edward J"",""70 Foster St"",""Inverness Ness-Side Ward"",""Highland"",""IV2 6WT"",""01916-963261"",""01370-319414"",""reuresti@euresti.co.uk"",""http://www.fitzgeraldedwardj.co.uk"""
89,"Charlette,""Brenning"",""Furey & Associates"",""714 Fonthill Rd"",""Darton West Ward"",""South Yorkshire"",""S75 5EJ"",""01888-152110"",""01301-312487"",""cbrenning@brenning.co.uk"",""http://www.fureyassociates.co.uk"""
90,"Celestina,""Keeny"",""Bfg Federal Credit Union"",""9 Milton St"",""Consett North ED"",""County Durham"",""DH8 5LP"",""01877-379681"",""01600-463475"",""celestina_keeny@gmail.com"",""http://www.bfgfederalcreditunion.co.uk"""
91,"Mi,""Richan"",""Nelson Wright Haworth Golf Crs"",""6 Norwood Grove"",""Tanworth-in-Arden"",""Warwickshire"",""B94 5RZ"",""01451-785624"",""01202-738406"",""mi@hotmail.com"",""http://www.nelsonwrighthaworthgolfcrs.co.uk"""
