,"Odette,""Moussette"",""Village Business Center"",""216 Lissant St #8"",""Great Dunmow"",""Essex"",""CM6 1DQ"",""01712-248851"",""01626-260974"",""odette_moussette@gmail.com"",""http://www.villagebusinesscenter.co.uk"""
0,"Hobert,""Panfilov"",""Carlin, Angela G Esq"",""92 Phythian St #614"",""Gweek"",""Cornwall"",""TR11 5RR"",""01245-353227"",""01518-554407"",""hobert@gmail.com"",""http://www.carlinangelagesq.co.uk"""
1,"Isadora,""Mchughes"",""Fan Shop"",""792 Queens Rd"",""Stretford Ward"",""Greater Manchester"",""M32 8LR"",""01526-145485"",""01338-403471"",""isadora.mchughes@mchughes.co.uk"",""http://www.fanshop.co.uk"""
2,"Emily,""Pogorelc"",""Mccartney Printing Services"",""5196 York St"",""Orsett Ward"",""Essex"",""SS17 8NS"",""01416-913482"",""01439-493163"",""emily.pogorelc@yahoo.com"",""http://www.mccartneyprintingservices.co.uk"""
3,"Desire,""Barresi"",""Greater Cinc Schl Empl Crdt Un"",""428 Kearsley St"",""Hatton"",""Warwickshire"",""CV35 7UA"",""01819-701096"",""01970-482055"",""desire@gmail.com"",""http://www.greatercincschlemplcrdtun.co.uk"""
4,"Rosalind,""Stamps"",""Haar, Allen F"",""8 Chestnut St"",""Barrowford"",""Lancashire"",""BB9 6EW"",""01918-999052"",""01736-843257"",""rosalind.stamps@stamps.co.uk"",""http://www.haarallenf.co.uk"""
5,"Vernell,""Connley"",""Harmons"",""998 Roe St #6"",""Bellingham"",""Northumberland"",""NE48 2BX"",""01954-363885"",""01585-863534"",""vernell@hotmail.com"",""http://www.harmons.co.uk"""
6,"Micheline,""Mathieson"",""Mail Boxes Etc"",""3 Copenhagen Rd"",""George St"",""Aberdeenshire"",""AB25 3UZ"",""01857-518738"",""01247-541211"",""micheline.mathieson@yahoo.com"",""http://www.mailboxesetc.co.uk"""
7,"Nathan,""Outhouse"",""Grt Amercn Fed Svngs & Ln Assn"",""293 Vivian St"",""South Jesmond Ward"",""Tyne and Wear"",""NE2 1EY"",""01555-702650"",""01364-499130"",""nathan.outhouse@gmail.com"",""http://www.grtamercnfedsvngslnassn.co.uk"""
8,"Allene,""Burau"",""Allied Plastics"",""8 Barlow St #6"",""Barlow"",""Derbyshire"",""S18 7TH"",""01731-825958"",""01260-963065"",""allene.burau@hotmail.com"",""http://www.alliedplastics.co.uk"""
9,"Julie,""Sakshaug"",""Newton Clerk"",""5 Shakspeare St #66"",""St. Johns Ward"",""Hereford and Worcester"",""B61 8HD"",""01225-180983"",""01641-570473"",""julie@gmail.com"",""http://www.newtonclerk.co.uk"""
10,"Francisca,""Shuhi"",""Thompson, Chesney Md"",""7 Carolina St"",""Bodmin"",""Cornwall"",""PL31 1QF"",""01345-878334"",""01639-663121"",""fshuhi@shuhi.co.uk"",""http://www.thompsonchesneymd.co.uk"""
11,"Marisha,""Wilcoxon"",""Young Door Company"",""52 Trowbridge St"",""Knightsbridge and Belgravia Wa"",""Greater London"",""SW1X 9HB"",""01257-461104"",""01422-891030"",""marisha.wilcoxon@gmail.com"",""http://www.youngdoorcompany.co.uk"""
12,"Telma,""Maraia"",""Reliable Yard Service"",""25 Village St"",""Elgin City South Ward"",""Moray"",""IV30 1SB"",""01500-649863"",""01531-881940"",""telma@maraia.co.uk"",""http://www.reliableyardservice.co.uk"""
13,"Luke,""Crete"",""M D & W Railway"",""4 Peach St #5112"",""Halstead"",""Kent"",""TN14 7EF"",""01375-820236"",""01268-175772"",""luke.crete@crete.co.uk"",""http://www.mdwrailway.co.uk"""
14,"Hubert,""Mias"",""Chuckmaster Co"",""3614 Old Hall St #604"",""Fawley"",""Hampshire"",""SO45 2PT"",""01408-965643"",""01857-225719"",""hubert.mias@gmail.com"",""http://www.chuckmasterco.co.uk"""
15,"Janella,""Altobell"",""Shannon, Paul V Esq"",""3768 Hey Green Rd"",""Hartshill"",""Warwickshire"",""CV10 0TH"",""01746-505364"",""01411-597527"",""jaltobell@hotmail.com"",""http://www.shannonpaulvesq.co.uk"""
16,"Angelo,""Lavista"",""Computemp"",""97 Newlands St"",""Kensington and Fairfield Ward"",""Merseyside"",""L6 9DU"",""01544-247601"",""01210-307796"",""angelo.lavista@gmail.com"",""http://www.computemp.co.uk"""
17,"Tran,""Mandiola"",""N Rockland Educl Fed Crdt Un"",""6226 Maitland St"",""West Bromwich Central Ward"",""West Midlands"",""B70 6DR"",""01609-235350"",""01957-151083"",""tran.mandiola@hotmail.com"",""http://www.nrocklandeduclfedcrdtun.co.uk"""
